{"cameraMode":{"drawMode":0,"name":"Shaded","section":"Shading Mode"},"sceneLighting":false,"audioPlay":false,"sceneViewState":{"showFog":true,"showMaterialUpdate":false,"showSkybox":false,"showFlares":true,"showImageEffects":true,"showParticleSystems":true,"showVisualEffectGraphs":true,"m_FxEnabled":true},"in2DMode":false,"pivot":{"x":-2.1528985500335695,"y":6.6465840339660648,"z":10.448616027832032},"rotation":{"x":-0.019880259409546853,"y":-0.9792191982269287,"z":0.16333326697349549,"w":-0.11900200694799423},"size":1.1999826431274415,"orthographic":false}