{"cameraMode":{"drawMode":0,"name":"Shaded","section":"Shading Mode"},"sceneLighting":true,"audioPlay":false,"sceneViewState":{"showFog":true,"showMaterialUpdate":false,"showSkybox":false,"showFlares":true,"showImageEffects":true,"showParticleSystems":true,"showVisualEffectGraphs":true,"m_FxEnabled":true},"in2DMode":false,"pivot":{"x":-0.032000064849853519,"y":0.6000003814697266,"z":-0.010000228881835938},"rotation":{"x":0.17385233938694,"y":-0.5725952982902527,"z":0.12582018971443177,"w":0.7912796139717102},"size":5.490785598754883,"orthographic":false}